[
    {
        "command": "frameworkinfo",
        "type": "Framework Information",
        "description": "Provides detailed information about the Volatility framework."
    },
    {
        "command": "windows.pslist",
        "type": "Windows-Specific Plugins",
        "description": "Lists processes."
    },
    {
        "command": "windows.pstree",
        "type": "Windows-Specific Plugins",
        "description": "Displays processes in a tree structure."
    },
    {
        "command": "windows.pstreegraph",
        "type": "Windows-Specific Plugins",
        "description": "Graphical representation of the process tree."
    },
    {
        "command": "windows.dlllist",
        "type": "Windows-Specific Plugins",
        "description": "Lists loaded DLLs."
    },
    {
        "command": "windows.handles",
        "type": "Windows-Specific Plugins",
        "description": "Lists open handles for each process."
    },
    {
        "command": "windows.cmdline",
        "type": "Windows-Specific Plugins",
        "description": "Extracts command line arguments."
    },
    {
        "command": "windows.netscan",
        "type": "Windows-Specific Plugins",
        "description": "Scans for network connections and sockets."
    },
    {
        "command": "windows.vaddump",
        "type": "Windows-Specific Plugins",
        "description": "Dumps virtual address space for processes."
    },
    {
        "command": "windows.memmap",
        "type": "Windows-Specific Plugins",
        "description": "Displays memory mappings for processes."
    },
    {
        "command": "windows.malfind",
        "type": "Windows-Specific Plugins",
        "description": "Detects hidden and injected code in processes."
    },
    {
        "command": "linux.pslist",
        "type": "Linux-Specific Plugins",
        "description": "Lists processes."
    },
    {
        "command": "linux.lsmod",
        "type": "Linux-Specific Plugins",
        "description": "Lists loaded kernel modules."
    },
    {
        "command": "linux.bash",
        "type": "Linux-Specific Plugins",
        "description": "Retrieves bash history."
    },
    {
        "command": "linux.ifconfig",
        "type": "Linux-Specific Plugins",
        "description": "Displays network interfaces."
    },
    {
        "command": "linux.dmesg",
        "type": "Linux-Specific Plugins",
        "description": "Shows kernel ring buffer messages."
    },
    {
        "command": "linux.proc_maps",
        "type": "Linux-Specific Plugins",
        "description": "Displays process memory maps."
    },
    {
        "command": "mac.pslist",
        "type": "Mac-Specific Plugins",
        "description": "Lists processes."
    },
    {
        "command": "mac.lsmod",
        "type": "Mac-Specific Plugins",
        "description": "Lists loaded kernel modules."
    },
    {
        "command": "mac.lsof",
        "type": "Mac-Specific Plugins",
        "description": "Lists open files."
    },
    {
        "command": "mac.machoinfo",
        "type": "Mac-Specific Plugins",
        "description": "Displays Mach-O file information."
    },
    {
        "command": "mac.check_syscall",
        "type": "Mac-Specific Plugins",
        "description": "Checks system call table."
    },
    {
        "command": "volshell",
        "type": "Volshell",
        "description": "An interactive shell for exploring memory images."
    },
    {
        "command": "list_tasks",
        "type": "Volshell Commands",
        "description": "Lists tasks in the interactive shell."
    },
    {
        "command": "display_bytes",
        "type": "Volshell Commands",
        "description": "Displays bytes in the interactive shell."
    },
    {
        "command": "disassemble",
        "type": "Volshell Commands",
        "description": "Disassembles code in the interactive shell."
    },
    {
        "command": "change_process",
        "type": "Volshell Commands",
        "description": "Changes the current process in the interactive shell."
    },
    {
        "command": "Enter command",
        "type": "Enter type",
        "description": "Enter description"
    },
    {
        "command": "dada",
        "type": "Enter typedadada",
        "description": "Enter descriptiondadada"
    }
]